AgentID,FirstName,LastName,ContactNumber,Email,Commission_Rate
1689,Bryant,Block-Wyman,+91 12760 45517,Bryant.Block-Wyman@gmail.com,0.00
2287,Chad,Robel,+91 42017 59007,Chad.Robel@gmail.com,4.00
2342,Adam,Kreiger,+91 93132 40102,Adam.Kreiger@gmail.com,3.00
4333,Ismael,Champlin,+91 03875 27903,Ismael.Champlin@gmail.com,7.00
4810,Ora,Koepp,+91 69661 66114,Ora.Koepp@gmail.com,9.00
6612,Sherri,Feil,+91 09923 93312,Sherri.Feil@gmail.com,7.00
6907,Geneva,Roberts,+91 23590 53778,Geneva.Roberts@gmail.com,5.00
7210,Faye,OKeefe,+91 41039 14771,Faye.OKeefe@gmail.com,9.00
7858,John,Cummings,+91 41256 90136,John.Cummings@gmail.com,0.00
9354,Carrie,Hammes,+91 63501 00815,Carrie.Hammes@gmail.com,0.00
